
--------------prod_in_store

insert into prod_in_store (p_id, store_id, amount, price, p_size, p_packaging, p_definition) values (1, 1, 81, 30, 47, null, null);
insert into prod_in_store (p_id, store_id, amount, price, p_size, p_packaging, p_definition) values (2, 2, 90, 63, 91, null, null);
insert into prod_in_store (p_id, store_id, amount, price, p_size, p_packaging, p_definition) values (3, 3, 31, 74, 90, null, null);
insert into prod_in_store (p_id, store_id, amount, price, p_size, p_packaging, p_definition) values (4, 4, 80, 71, 73, null, null);
insert into prod_in_store (p_id, store_id, amount, price, p_size, p_packaging, p_definition) values (5, 5, 91, 93, 52, null, null);

insert into prod_in_store (p_id, store_id, amount, price, p_size, p_packaging, p_definition) values (6, 6, 40, 92, 59, null, null);
insert into prod_in_store (p_id, store_id, amount, price, p_size, p_packaging, p_definition) values (7, 7, 4, 84, 17, null, null);
insert into prod_in_store (p_id, store_id, amount, price, p_size, p_packaging, p_definition) values (8, 8, 12, 48, 67, null, null);
insert into prod_in_store (p_id, store_id, amount, price, p_size, p_packaging, p_definition) values (9, 9, 25, 71, 73, null, null);
insert into prod_in_store (p_id, store_id, amount, price, p_size, p_packaging, p_definition) values (10, 10, 21, 64, 63, null, null);
insert into prod_in_store (p_id, store_id, amount, price, p_size, p_packaging, p_definition) values (11, 11, 31, 30, 63, null, null);
insert into prod_in_store (p_id, store_id, amount, price, p_size, p_packaging, p_definition) values (12, 12, 45, 34, 65, null, null);
insert into prod_in_store (p_id, store_id, amount, price, p_size, p_packaging, p_definition) values (13, 13, 100, 72, 10, null, null);
insert into prod_in_store (p_id, store_id, amount, price, p_size, p_packaging, p_definition) values (14, 14, 1, 18, 58, null, null);
insert into prod_in_store (p_id, store_id, amount, price, p_size, p_packaging, p_definition) values (15, 15, 75, 21, 13, null, null);
insert into prod_in_store (p_id, store_id, amount, price, p_size, p_packaging, p_definition) values (16, 16, 78, 26, 29, null, null);
insert into prod_in_store (p_id, store_id, amount, price, p_size, p_packaging, p_definition) values (17, 17, 18, 52, 17, null, null);
insert into prod_in_store (p_id, store_id, amount, price, p_size, p_packaging, p_definition) values (18, 18, 14, 52, 90, null, null);
insert into prod_in_store (p_id, store_id, amount, price, p_size, p_packaging, p_definition) values (19, 19, 66, 81, 48, null, null);
insert into prod_in_store (p_id, store_id, amount, price, p_size, p_packaging, p_definition) values (20, 20, 24, 33, 48, null, null);
insert into prod_in_store (p_id, store_id, amount, price, p_size, p_packaging, p_definition) values (21, 21, 99, 74, 22, null, null);
insert into prod_in_store (p_id, store_id, amount, price, p_size, p_packaging, p_definition) values (22, 22, 64, 40, 46, null, null);
insert into prod_in_store (p_id, store_id, amount, price, p_size, p_packaging, p_definition) values (23, 23, 85, 89, 55, null, null);
insert into prod_in_store (p_id, store_id, amount, price, p_size, p_packaging, p_definition) values (24, 24, 18, 14, 80, null, null);
insert into prod_in_store (p_id, store_id, amount, price, p_size, p_packaging, p_definition) values (25, 25, 35, 36, 53, null, null);
insert into prod_in_store (p_id, store_id, amount, price, p_size, p_packaging, p_definition) values (26, 26, 86, 68, 43, null, null);
insert into prod_in_store (p_id, store_id, amount, price, p_size, p_packaging, p_definition) values (27, 27, 50, 66, 98, null, null);
insert into prod_in_store (p_id, store_id, amount, price, p_size, p_packaging, p_definition) values (28, 28, 35, 97, 42, null, null);
insert into prod_in_store (p_id, store_id, amount, price, p_size, p_packaging, p_definition) values (29, 29, 4, 22, 27, null, null);
insert into prod_in_store (p_id, store_id, amount, price, p_size, p_packaging, p_definition) values (30, 30, 37, 27, 8, null, null);
insert into prod_in_store (p_id, store_id, amount, price, p_size, p_packaging, p_definition) values (31, 31, 23, 2, 85, null, null);
insert into prod_in_store (p_id, store_id, amount, price, p_size, p_packaging, p_definition) values (32, 32, 66, 67, 57, null, null);
insert into prod_in_store (p_id, store_id, amount, price, p_size, p_packaging, p_definition) values (33, 33, 18, 99, 39, null, null);
insert into prod_in_store (p_id, store_id, amount, price, p_size, p_packaging, p_definition) values (34, 34, 36, 13, 89, null, null);
insert into prod_in_store (p_id, store_id, amount, price, p_size, p_packaging, p_definition) values (35, 35, 95, 12, 37, null, null);
insert into prod_in_store (p_id, store_id, amount, price, p_size, p_packaging, p_definition) values (36, 36, 88, 62, 75, null, null);
insert into prod_in_store (p_id, store_id, amount, price, p_size, p_packaging, p_definition) values (37, 37, 62, 25, 15, null, null);
insert into prod_in_store (p_id, store_id, amount, price, p_size, p_packaging, p_definition) values (38, 38, 37, 31, 71, null, null);
insert into prod_in_store (p_id, store_id, amount, price, p_size, p_packaging, p_definition) values (39, 39, 100, 41, 61, null, null);
insert into prod_in_store (p_id, store_id, amount, price, p_size, p_packaging, p_definition) values (40, 40, 94, 83, 100, null, null);
insert into prod_in_store (p_id, store_id, amount, price, p_size, p_packaging, p_definition) values (41, 41, 91, 31, 35, null, null);
insert into prod_in_store (p_id, store_id, amount, price, p_size, p_packaging, p_definition) values (42, 42, 49, 2, 88, null, null);
insert into prod_in_store (p_id, store_id, amount, price, p_size, p_packaging, p_definition) values (43, 43, 40, 78, 82, null, null);
insert into prod_in_store (p_id, store_id, amount, price, p_size, p_packaging, p_definition) values (44, 44, 10, 99, 74, null, null);
insert into prod_in_store (p_id, store_id, amount, price, p_size, p_packaging, p_definition) values (45, 45, 45, 78, 97, null, null);
insert into prod_in_store (p_id, store_id, amount, price, p_size, p_packaging, p_definition) values (46, 46, 84, 100, 97, null, null);
insert into prod_in_store (p_id, store_id, amount, price, p_size, p_packaging, p_definition) values (47, 47, 58, 65, 89, null, null);
insert into prod_in_store (p_id, store_id, amount, price, p_size, p_packaging, p_definition) values (48, 48, 100, 7, 99, null, null);
insert into prod_in_store (p_id, store_id, amount, price, p_size, p_packaging, p_definition) values (49, 49, 5, 20, 11, null, null);
insert into prod_in_store (p_id, store_id, amount, price, p_size, p_packaging, p_definition) values (50, 50, 32, 36, 20, null, null);


-----------regularcustom--------nice

insert into REGULARcustomers (rCustomerID, age, additional_inf, birth_date, full_name) values (1, 82, null, '9/12/2018', 'Angeline McLelland');
insert into REGULARcustomers (rCustomerID, age, additional_inf, birth_date, full_name) values (2, 38, null, '3/6/2004', 'Cherianne Yakovl');
insert into REGULARcustomers (rCustomerID, age, additional_inf, birth_date, full_name) values (3, 8, null, '24/6/2014', 'Orella Habershon');
insert into REGULARcustomers (rCustomerID, age, additional_inf, birth_date, full_name) values (4, 76, null, '28/1/2012', 'Addia Lutwidge');
insert into REGULARcustomers (rCustomerID, age, additional_inf, birth_date, full_name) values (5, 68, null, '27/9/2018', 'Grethel Perott');
insert into REGULARcustomers (rCustomerID, age, additional_inf, birth_date, full_name) values (6, 97, null, '3/1/2014', 'Mabelle Gallimore');
insert into REGULARcustomers (rCustomerID, age, additional_inf, birth_date, full_name) values (7, 57, null, '2/3/2013', 'Padraic Meikle');
insert into REGULARcustomers (rCustomerID, age, additional_inf, birth_date, full_name) values (8, 77, null, '1/4/2018', 'Gale De Andreis');
insert into REGULARcustomers (rCustomerID, age, additional_inf, birth_date, full_name) values (9, 14, null, '9/10/2004', 'Udell Stork');
insert into REGULARcustomers (rCustomerID, age, additional_inf, birth_date, full_name) values (10, 38, null, '28/8/2004', 'Lynea Sottell');
insert into REGULARcustomers (rCustomerID, age, additional_inf, birth_date, full_name) values (11, 21, null, '12/3/2013', 'Leola Edinborough');
insert into REGULARcustomers (rCustomerID, age, additional_inf, birth_date, full_name) values (12, 46, null, '18/12/2010', 'Dalia Wanek');
insert into REGULARcustomers (rCustomerID, age, additional_inf, birth_date, full_name) values (13, 77, null, '31/1/2004', 'Wat Carnihan');
insert into REGULARcustomers (rCustomerID, age, additional_inf, birth_date, full_name) values (14, 9, null, '8/3/2004', 'Floris Lippiello');
insert into REGULARcustomers (rCustomerID, age, additional_inf, birth_date, full_name) values (15, 71, null, '27/11/2005', 'Laverne Serjeant');
insert into REGULARcustomers (rCustomerID, age, additional_inf, birth_date, full_name) values (16, 33, null, '12/8/2006', 'Tracie Pacquet');
insert into REGULARcustomers (rCustomerID, age, additional_inf, birth_date, full_name) values (17, 31, null, '27/9/2006', 'Jill Jellings');
insert into REGULARcustomers (rCustomerID, age, additional_inf, birth_date, full_name) values (18, 85, null, '1/3/2008', 'Zed Dowdall');
insert into REGULARcustomers (rCustomerID, age, additional_inf, birth_date, full_name) values (19, 81, null, '16/5/2010', 'Violetta Clemintoni');
insert into REGULARcustomers (rCustomerID, age, additional_inf, birth_date, full_name) values (20, 37, null, '11/8/2021', 'Annadiane Bilson');
insert into REGULARcustomers (rCustomerID, age, additional_inf, birth_date, full_name) values (21, 58, null, '29/11/2011', 'Ophelia Limmer');
insert into REGULARcustomers (rCustomerID, age, additional_inf, birth_date, full_name) values (22, 9, null, '23/6/2004', 'Haily Goldup');
insert into REGULARcustomers (rCustomerID, age, additional_inf, birth_date, full_name) values (23, 95, null, '19/9/2019', 'Silvan Bidgood');
insert into REGULARcustomers (rCustomerID, age, additional_inf, birth_date, full_name) values (24, 35, null, '13/6/2012', 'Carmelia Troake');
insert into REGULARcustomers (rCustomerID, age, additional_inf, birth_date, full_name) values (25, 15, null, '24/9/2013', 'Hervey Augustus');
insert into REGULARcustomers (rCustomerID, age, additional_inf, birth_date, full_name) values (26, 43, null, '14/1/2016', 'Bearnard Torry');
insert into REGULARcustomers (rCustomerID, age, additional_inf, birth_date, full_name) values (27, 96, null, '2/12/2007', 'Dominick Rowesby');
insert into REGULARcustomers (rCustomerID, age, additional_inf, birth_date, full_name) values (28, 6, null, '17/7/2018', 'Raquela Klauer');
insert into REGULARcustomers (rCustomerID, age, additional_inf, birth_date, full_name) values (29, 32, null, '10/5/2004', 'Jacinta Offin');
insert into REGULARcustomers (rCustomerID, age, additional_inf, birth_date, full_name) values (30, 90, null, '29/6/2021', 'Kimball Harhoff');
insert into REGULARcustomers (rCustomerID, age, additional_inf, birth_date, full_name) values (31, 77, null, '27/3/2018', 'Violette Favelle');
insert into REGULARcustomers (rCustomerID, age, additional_inf, birth_date, full_name) values (32, 16, null, '13/9/2008', 'Bernhard Lemerle');
insert into REGULARcustomers (rCustomerID, age, additional_inf, birth_date, full_name) values (33, 92, null, '8/6/2006', 'Arturo Ebbs');
insert into REGULARcustomers (rCustomerID, age, additional_inf, birth_date, full_name) values (34, 84, null, '9/4/2012', 'Miranda Attaway');
insert into REGULARcustomers (rCustomerID, age, additional_inf, birth_date, full_name) values (35, 81, null, '15/1/2013', 'Mable Brundall');
insert into REGULARcustomers (rCustomerID, age, additional_inf, birth_date, full_name) values (36, 1, null, '1/7/2009', 'Theo Eager');
insert into REGULARcustomers (rCustomerID, age, additional_inf, birth_date, full_name) values (37, 87, null, '8/9/2013', 'Marjy Vandrill');
insert into REGULARcustomers (rCustomerID, age, additional_inf, birth_date, full_name) values (38, 36, null, '5/6/2019', 'Pia Gripton');
insert into REGULARcustomers (rCustomerID, age, additional_inf, birth_date, full_name) values (39, 77, null, '23/7/2020', 'Milzie Creaser');
insert into REGULARcustomers (rCustomerID, age, additional_inf, birth_date, full_name) values (40, 40, null, '9/9/2010', 'Cassie Winskill');
insert into REGULARcustomers (rCustomerID, age, additional_inf, birth_date, full_name) values (41, 91, null, '11/12/2016', 'Karee Braddick');
insert into REGULARcustomers (rCustomerID, age, additional_inf, birth_date, full_name) values (42, 82, null, '9/4/2010', 'Maurie Britner');
insert into REGULARcustomers (rCustomerID, age, additional_inf, birth_date, full_name) values (43, 8, null, '11/3/2006', 'Graehme Rosenbaum');
insert into REGULARcustomers (rCustomerID, age, additional_inf, birth_date, full_name) values (44, 35, null, '23/7/2005', 'Nick Mazzilli');
insert into REGULARcustomers (rCustomerID, age, additional_inf, birth_date, full_name) values (45, 42, null, '17/8/2009', 'Garvey Pargiter');
insert into REGULARcustomers (rCustomerID, age, additional_inf, birth_date, full_name) values (46, 44, null, '24/8/2016', 'Ceil Sweetman');
insert into REGULARcustomers (rCustomerID, age, additional_inf, birth_date, full_name) values (47, 79, null, '21/7/2014', 'Lyndsie Tustin');
insert into REGULARcustomers (rCustomerID, age, additional_inf, birth_date, full_name) values (48, 68, null, '24/12/2004', 'Johnath Tull');
insert into REGULARcustomers (rCustomerID, age, additional_inf, birth_date, full_name) values (49, 5, null, '1/5/2020', 'Louis Scollard');
insert into REGULARcustomers (rCustomerID, age, additional_inf, birth_date, full_name) values (50, 26, null, '8/1/2011', 'Marisa Mease');
insert into REGULARcustomers (rCustomerID, age, additional_inf, birth_date, full_name) values (51, 26, null, '10/4/2017', 'Gherardo Sizey');
insert into REGULARcustomers (rCustomerID, age, additional_inf, birth_date, full_name) values (52, 84, null, '29/1/2013', 'Leroi Blaby');
insert into REGULARcustomers (rCustomerID, age, additional_inf, birth_date, full_name) values (53, 95, null, '22/10/2011', 'Marcella Lawson');
insert into REGULARcustomers (rCustomerID, age, additional_inf, birth_date, full_name) values (54, 57, null, '2/10/2009', 'Saudra Bromhead');
insert into REGULARcustomers (rCustomerID, age, additional_inf, birth_date, full_name) values (55, 53, null, '1/10/2017', 'Kirk Michie');
insert into REGULARcustomers (rCustomerID, age, additional_inf, birth_date, full_name) values (56, 74, null, '11/9/2013', 'Doro Achurch');
insert into REGULARcustomers (rCustomerID, age, additional_inf, birth_date, full_name) values (57, 97, null, '2/6/2017', 'Peggi Erb');
insert into REGULARcustomers (rCustomerID, age, additional_inf, birth_date, full_name) values (58, 83, null, '20/10/2010', 'Tristan Ege');
insert into REGULARcustomers (rCustomerID, age, additional_inf, birth_date, full_name) values (59, 3, null, '10/12/2018', 'Esteban Burchfield');
insert into REGULARcustomers (rCustomerID, age, additional_inf, birth_date, full_name) values (60, 80, null, '30/3/2011', 'Kylie Elion');
insert into REGULARcustomers (rCustomerID, age, additional_inf, birth_date, full_name) values (61, 76, null, '29/11/2008', 'Brina Sola');
insert into REGULARcustomers (rCustomerID, age, additional_inf, birth_date, full_name) values (62, 10, null, '30/9/2014', 'Butch Brandenberg');
insert into REGULARcustomers (rCustomerID, age, additional_inf, birth_date, full_name) values (63, 31, null, '7/1/2010', 'Esther Wimes');
insert into REGULARcustomers (rCustomerID, age, additional_inf, birth_date, full_name) values (64, 67, null, '27/9/2008', 'Ceil Deetlefs');
insert into REGULARcustomers (rCustomerID, age, additional_inf, birth_date, full_name) values (65, 61, null, '20/12/2004', 'Margarete Alliberton');
insert into REGULARcustomers (rCustomerID, age, additional_inf, birth_date, full_name) values (66, 79, null, '12/11/2012', 'Ceil Howis');
insert into REGULARcustomers (rCustomerID, age, additional_inf, birth_date, full_name) values (67, 93, null, '15/12/2012', 'Doralyn German');
insert into REGULARcustomers (rCustomerID, age, additional_inf, birth_date, full_name) values (68, 85, null, '19/4/2004', 'Renata Daice');
insert into REGULARcustomers (rCustomerID, age, additional_inf, birth_date, full_name) values (69, 10, null, '24/8/2006', 'Corrinne Ingham');
insert into REGULARcustomers (rCustomerID, age, additional_inf, birth_date, full_name) values (70, 29, null, '8/3/2015', 'Ilka Lamburn');
insert into REGULARcustomers (rCustomerID, age, additional_inf, birth_date, full_name) values (71, 82, null, '27/9/2019', 'Morty Crook');
insert into REGULARcustomers (rCustomerID, age, additional_inf, birth_date, full_name) values (72, 30, null, '27/5/2017', 'Duffy Brydone');
insert into REGULARcustomers (rCustomerID, age, additional_inf, birth_date, full_name) values (73, 39, null, '6/6/2006', 'Jacquie Guilloud');
insert into REGULARcustomers (rCustomerID, age, additional_inf, birth_date, full_name) values (74, 37, null, '27/10/2010', 'Michale Sissens');
insert into REGULARcustomers (rCustomerID, age, additional_inf, birth_date, full_name) values (75, 61, null, '19/10/2016', 'Teresina McLevie');
insert into REGULARcustomers (rCustomerID, age, additional_inf, birth_date, full_name) values (76, 21, null, '19/10/2015', 'Skipp Vasile');
insert into REGULARcustomers (rCustomerID, age, additional_inf, birth_date, full_name) values (77, 93, null, '11/3/2009', 'Coletta Randall');
insert into REGULARcustomers (rCustomerID, age, additional_inf, birth_date, full_name) values (78, 20, null, '17/2/2013', 'Anet Itzchaki');
insert into REGULARcustomers (rCustomerID, age, additional_inf, birth_date, full_name) values (79, 22, null, '20/2/2017', 'Britni Andrivot');
insert into REGULARcustomers (rCustomerID, age, additional_inf, birth_date, full_name) values (80, 84, null, '19/5/2007', 'Noami Hanford');
insert into REGULARcustomers (rCustomerID, age, additional_inf, birth_date, full_name) values (81, 57, null, '19/8/2011', 'Agathe McTavish');
insert into REGULARcustomers (rCustomerID, age, additional_inf, birth_date, full_name) values (82, 14, null, '8/7/2016', 'Rosabella Flagg');
insert into REGULARcustomers (rCustomerID, age, additional_inf, birth_date, full_name) values (83, 80, null, '16/3/2018', 'Wilhelm Szymon');
insert into REGULARcustomers (rCustomerID, age, additional_inf, birth_date, full_name) values (84, 7, null, '25/2/2018', 'Clarabelle Vannuccinii');
insert into REGULARcustomers (rCustomerID, age, additional_inf, birth_date, full_name) values (85, 97, null, '8/8/2021', 'Jerry Wilshaw');
insert into REGULARcustomers (rCustomerID, age, additional_inf, birth_date, full_name) values (86, 57, null, '20/4/2013', 'Pip Amiable');
insert into REGULARcustomers (rCustomerID, age, additional_inf, birth_date, full_name) values (87, 22, null, '28/3/2004', 'Rudolfo Mazin');
insert into REGULARcustomers (rCustomerID, age, additional_inf, birth_date, full_name) values (88, 88, null, '8/11/2017', 'Burch Heaven');
insert into REGULARcustomers (rCustomerID, age, additional_inf, birth_date, full_name) values (89, 46, null, '29/3/2013', 'Keelby Dimond');
insert into REGULARcustomers (rCustomerID, age, additional_inf, birth_date, full_name) values (90, 36, null, '22/5/2007', 'Anitra Skedgell');
insert into REGULARcustomers (rCustomerID, age, additional_inf, birth_date, full_name) values (91, 12, null, '9/2/2012', 'Egor Geator');
insert into REGULARcustomers (rCustomerID, age, additional_inf, birth_date, full_name) values (92, 26, null, '1/8/2007', 'Ricki Seckom');
insert into REGULARcustomers (rCustomerID, age, additional_inf, birth_date, full_name) values (93, 30, null, '22/11/2020', 'Gaile Zanetti');
insert into REGULARcustomers (rCustomerID, age, additional_inf, birth_date, full_name) values (94, 41, null, '27/3/2010', 'Natalie Godsil');
insert into REGULARcustomers (rCustomerID, age, additional_inf, birth_date, full_name) values (95, 12, null, '14/9/2004', 'Mellicent McGrirl');
insert into REGULARcustomers (rCustomerID, age, additional_inf, birth_date, full_name) values (96, 32, null, '5/4/2021', 'Winifield Fairbourne');
insert into REGULARcustomers (rCustomerID, age, additional_inf, birth_date, full_name) values (97, 25, null, '23/11/2020', 'Alikee Cogman');
insert into REGULARcustomers (rCustomerID, age, additional_inf, birth_date, full_name) values (98, 28, null, '10/8/2017', 'Gawen Pynner');
insert into REGULARcustomers (rCustomerID, age, additional_inf, birth_date, full_name) values (99, 66, null, '25/1/2017', 'Jillian Barwise');
insert into REGULARcustomers (rCustomerID, age, additional_inf, birth_date, full_name) values (100, 39, null, '4/11/2008', 'Robbert Machent');


-------------------------online shopp------------nice

insert into ONLINEshopping (order_num, address, loginss, passwordsss) values (1, '5 Mallory Center', 'hlanfranconi0', '1nhRkPw');
insert into ONLINEshopping (order_num, address, loginss, passwordsss) values (2, '6 Bunker Hill Park', 'pstorah1', 'RkHYcJkOO1');
insert into ONLINEshopping (order_num, address, loginss, passwordsss) values (3, '96263 Utah Street', 'agajownik2', '84xJkoR9abWo');
insert into ONLINEshopping (order_num, address, loginss, passwordsss) values (4, '9060 Truax Park', 'statham3', 'rF7vMMmtBPKI');
insert into ONLINEshopping (order_num, address, loginss, passwordsss) values (5, '306 Warrior Point', 'anovacek4', 'bbQBc8Rg4j6h');
insert into ONLINEshopping (order_num, address, loginss, passwordsss) values (6, '5529 Gale Court', 'jfawley5', 'W0aXwsPN1V');
insert into ONLINEshopping (order_num, address, loginss, passwordsss) values (7, '46415 Rieder Junction', 'bgonnet6', 'GsFbzGNN');
insert into ONLINEshopping (order_num, address, loginss, passwordsss) values (8, '6 Swallow Terrace', 'bvouls7', 'qka0Wu48DVCx');
insert into ONLINEshopping (order_num, address, loginss, passwordsss) values (9, '77310 Union Park', 'mcobbled8', 'P2NyAx0PQkum');
insert into ONLINEshopping (order_num, address, loginss, passwordsss) values (10, '60860 Hoepker Drive', 'qyanukhin9', 'RPhagxpVWtho');
insert into ONLINEshopping (order_num, address, loginss, passwordsss) values (11, '7324 Gale Point', 'mhuckera', 'hOeoR8sm');
insert into ONLINEshopping (order_num, address, loginss, passwordsss) values (12, '706 Barnett Park', 'tdunkb', 'Imwk3qPIsXrt');
insert into ONLINEshopping (order_num, address, loginss, passwordsss) values (13, '301 Scofield Crossing', 'jcopellic', 'iaUm1G');
insert into ONLINEshopping (order_num, address, loginss, passwordsss) values (14, '1963 Carioca Circle', 'rstatend', 'Ol6ZfGQ8Pna');
insert into ONLINEshopping (order_num, address, loginss, passwordsss) values (15, '90 Orin Point', 'cgrimmette', 'GU74UmzV8e6');
insert into ONLINEshopping (order_num, address, loginss, passwordsss) values (16, '5 Corscot Avenue', 'mmerrettf', 'jZp8e5jt');
insert into ONLINEshopping (order_num, address, loginss, passwordsss) values (17, '86 Old Gate Alley', 'fgreenstockg', 'L4jW6uE');
insert into ONLINEshopping (order_num, address, loginss, passwordsss) values (18, '73 Oneill Crossing', 'tschwandermannh', '7Of0BmM5');
insert into ONLINEshopping (order_num, address, loginss, passwordsss) values (19, '5 Waubesa Avenue', 'gvandecastelei', 'vMkYpFlEQ');
insert into ONLINEshopping (order_num, address, loginss, passwordsss) values (20, '514 Hayes Terrace', 'mhanhardj', 'DT9tJdgJCTx');
insert into ONLINEshopping (order_num, address, loginss, passwordsss) values (21, '738 Brentwood Point', 'rheintzk', 'J8Rn5wlpK');
insert into ONLINEshopping (order_num, address, loginss, passwordsss) values (22, '8 Express Park', 'apilgerl', 't8CQOL42Po');
insert into ONLINEshopping (order_num, address, loginss, passwordsss) values (23, '6339 Division Terrace', 'dbissellm', 'oZkES4puQmmz');
insert into ONLINEshopping (order_num, address, loginss, passwordsss) values (24, '243 Sachtjen Lane', 'fantonoyevn', 'NWysOXuIgB');
insert into ONLINEshopping (order_num, address, loginss, passwordsss) values (25, '25 Prairie Rose Hill', 'nakenheado', 'zM4Y9zJIhlH');
insert into ONLINEshopping (order_num, address, loginss, passwordsss) values (26, '8577 Cherokee Lane', 'muttridgep', '0tqEWAHr');
insert into ONLINEshopping (order_num, address, loginss, passwordsss) values (27, '1 Sunfield Parkway', 'hhansberryq', 'gW4fsKvF39y6');
insert into ONLINEshopping (order_num, address, loginss, passwordsss) values (28, '986 Service Circle', 'mtiffinr', 'FC1RMTrjVIk');
insert into ONLINEshopping (order_num, address, loginss, passwordsss) values (29, '0388 Anzinger Place', 'sdevericks', 'mwEppoF');
insert into ONLINEshopping (order_num, address, loginss, passwordsss) values (30, '431 Waubesa Park', 'odictust', 's3lGIUm');
insert into ONLINEshopping (order_num, address, loginss, passwordsss) values (31, '96 Bartelt Pass', 'kstuddardu', 'eVtrYvf');
insert into ONLINEshopping (order_num, address, loginss, passwordsss) values (32, '9552 Sachs Hill', 'fcymperv', '2KhnlMw61RtN');
insert into ONLINEshopping (order_num, address, loginss, passwordsss) values (33, '32 Fallview Junction', 'pverickw', 'y8TMcilFaRt');
insert into ONLINEshopping (order_num, address, loginss, passwordsss) values (34, '97 Northwestern Drive', 'wmccartx', 'AWaIMi');
insert into ONLINEshopping (order_num, address, loginss, passwordsss) values (35, '401 Burning Wood Plaza', 'rheighty', 'nVVGYZN');
insert into ONLINEshopping (order_num, address, loginss, passwordsss) values (36, '15783 Straubel Trail', 'jpimmz', '3WPpYjHE');
insert into ONLINEshopping (order_num, address, loginss, passwordsss) values (37, '2 Blaine Parkway', 'vgoldberg10', 'wyUwoOm7');
insert into ONLINEshopping (order_num, address, loginss, passwordsss) values (38, '66 Cody Lane', 'stripean11', 'fS5LhObI1Rvm');
insert into ONLINEshopping (order_num, address, loginss, passwordsss) values (39, '0429 Anhalt Point', 'uhaskins12', 'vdbfHrw0');
insert into ONLINEshopping (order_num, address, loginss, passwordsss) values (40, '99655 Porter Road', 'mbolwell13', '7Xu7xYX');
insert into ONLINEshopping (order_num, address, loginss, passwordsss) values (41, '60 Shoshone Road', 'apettegree14', 'JgqltHJU2');
insert into ONLINEshopping (order_num, address, loginss, passwordsss) values (42, '818 Marcy Terrace', 'pcarnilian15', 'YYfBf1v1H2m');
insert into ONLINEshopping (order_num, address, loginss, passwordsss) values (43, '0 Gale Terrace', 'vemmins16', 'f3Zzp5xo');
insert into ONLINEshopping (order_num, address, loginss, passwordsss) values (44, '8 Paget Trail', 'gsheringham17', 'r7Em3dA');
insert into ONLINEshopping (order_num, address, loginss, passwordsss) values (45, '1 Straubel Terrace', 'nlown18', 'KOm9vdq');
insert into ONLINEshopping (order_num, address, loginss, passwordsss) values (46, '498 Alpine Point', 'fhardwich19', 'f2qAK9jGh8');
insert into ONLINEshopping (order_num, address, loginss, passwordsss) values (47, '9820 South Point', 'jcliss1a', 'L8v3DIPtmz8A');
insert into ONLINEshopping (order_num, address, loginss, passwordsss) values (48, '0 Gerald Avenue', 'rditer1b', 'eL21jwCYX');
insert into ONLINEshopping (order_num, address, loginss, passwordsss) values (49, '26 Kedzie Pass', 'vbasile1c', 'xaQgry1uoPZi');
insert into ONLINEshopping (order_num, address, loginss, passwordsss) values (50, '55342 Rusk Crossing', 'gmachel1d', 'gxhKcyXldd');
insert into ONLINEshopping (order_num, address, loginss, passwordsss) values (51, '055 Sunfield Junction', 'ushipp1e', 'Xaydvc');
insert into ONLINEshopping (order_num, address, loginss, passwordsss) values (52, '5 Dunning Street', 'trawlins1f', '0q90aRQ');
insert into ONLINEshopping (order_num, address, loginss, passwordsss) values (53, '4984 Old Gate Avenue', 'amulvenna1g', 'E0cz0mO');
insert into ONLINEshopping (order_num, address, loginss, passwordsss) values (54, '348 Jay Plaza', 'hwickwarth1h', 'vXZoczp');
insert into ONLINEshopping (order_num, address, loginss, passwordsss) values (55, '5245 Daystar Trail', 'hfforde1i', 'KTdXL6G8Sx');
insert into ONLINEshopping (order_num, address, loginss, passwordsss) values (56, '2851 Goodland Parkway', 'btollow1j', 'mUmurae0lqhZ');
insert into ONLINEshopping (order_num, address, loginss, passwordsss) values (57, '8 Burrows Center', 'adenisot1k', 'S2RTYH1w9re5');
insert into ONLINEshopping (order_num, address, loginss, passwordsss) values (58, '486 Cody Park', 'gorys1l', 'IX5gBUG');
insert into ONLINEshopping (order_num, address, loginss, passwordsss) values (59, '950 Monica Center', 'jpoile1m', 'gL1Xge6');
insert into ONLINEshopping (order_num, address, loginss, passwordsss) values (60, '1 Loomis Terrace', 'wbrabyn1n', 'fd2A1p');
insert into ONLINEshopping (order_num, address, loginss, passwordsss) values (61, '444 Fairfield Crossing', 'switchell1o', 'aKgqVSxxM');
insert into ONLINEshopping (order_num, address, loginss, passwordsss) values (62, '65052 Knutson Trail', 'lhowick1p', 'ZjB0dQCaAiv');
insert into ONLINEshopping (order_num, address, loginss, passwordsss) values (63, '33681 International Crossing', 'kbackes1q', 'Sv3LZr5fB5Ye');
insert into ONLINEshopping (order_num, address, loginss, passwordsss) values (64, '28610 Dorton Way', 'pseverwright1r', 'cPicfVmcekS');
insert into ONLINEshopping (order_num, address, loginss, passwordsss) values (65, '043 Carpenter Place', 'rbartot1s', '9M8zXs2');
insert into ONLINEshopping (order_num, address, loginss, passwordsss) values (66, '8659 Scoville Pass', 'ckelberer1t', 'XYSLuqVtV8');
insert into ONLINEshopping (order_num, address, loginss, passwordsss) values (67, '1862 Debs Parkway', 'kduly1u', 'STEJCUmnI');
insert into ONLINEshopping (order_num, address, loginss, passwordsss) values (68, '58 Delaware Drive', 'cpardi1v', 'hJj4btk');
insert into ONLINEshopping (order_num, address, loginss, passwordsss) values (69, '978 Scofield Alley', 'zcrampsy1w', 'nw1VpBkEpZBe');
insert into ONLINEshopping (order_num, address, loginss, passwordsss) values (70, '96 Ruskin Road', 'csollars1x', 'vABlyE4x');
insert into ONLINEshopping (order_num, address, loginss, passwordsss) values (71, '1 Oneill Trail', 'jsugars1y', 'O3TmCuY4vPK');
insert into ONLINEshopping (order_num, address, loginss, passwordsss) values (72, '6450 Pine View Court', 'ajarvie1z', 'ycwXuZ65');
insert into ONLINEshopping (order_num, address, loginss, passwordsss) values (73, '4155 Kropf Pass', 'ofrascone20', 'F63OAmAOQSv');
insert into ONLINEshopping (order_num, address, loginss, passwordsss) values (74, '57 Iowa Lane', 'rrolfs21', 'hf37t2v');
insert into ONLINEshopping (order_num, address, loginss, passwordsss) values (75, '663 Loftsgordon Alley', 'cjohncey22', 'xZbjES');
insert into ONLINEshopping (order_num, address, loginss, passwordsss) values (76, '38810 Almo Parkway', 'drohlf23', 'q2z9oaRGkhT8');
insert into ONLINEshopping (order_num, address, loginss, passwordsss) values (77, '6 Canary Plaza', 'alutas24', 'e3xpAB');
insert into ONLINEshopping (order_num, address, loginss, passwordsss) values (78, '92 Shelley Place', 'lkaspar25', 'lrp4JT2iv1ed');
insert into ONLINEshopping (order_num, address, loginss, passwordsss) values (79, '0 Petterle Hill', 'abaggalley26', 'X4J65FcQlWc');
insert into ONLINEshopping (order_num, address, loginss, passwordsss) values (80, '7725 Haas Terrace', 'cclemo27', 'EpoGUFOaP');
insert into ONLINEshopping (order_num, address, loginss, passwordsss) values (81, '42 Rigney Pass', 'palliott28', 'ayT3rjr');
insert into ONLINEshopping (order_num, address, loginss, passwordsss) values (82, '82 Green Point', 'kbrydon29', 'WIPxdfh');
insert into ONLINEshopping (order_num, address, loginss, passwordsss) values (83, '9 Glendale Center', 'afostersmith2a', 'sRoCdLKlQDX');
insert into ONLINEshopping (order_num, address, loginss, passwordsss) values (84, '89345 Hoard Point', 'biacobacci2b', 'sboW0KeC0v');
insert into ONLINEshopping (order_num, address, loginss, passwordsss) values (85, '43583 Waywood Alley', 'nearpe2c', 'jpkOHI4U');
insert into ONLINEshopping (order_num, address, loginss, passwordsss) values (86, '41271 Havey Road', 'cpaddell2d', 'YxKAYMUrkC');
insert into ONLINEshopping (order_num, address, loginss, passwordsss) values (87, '2 Quincy Center', 'aklimowski2e', 'xChZ17nXa');
insert into ONLINEshopping (order_num, address, loginss, passwordsss) values (88, '98970 Drewry Point', 'rkellie2f', 'IAO6aC3Uh');
insert into ONLINEshopping (order_num, address, loginss, passwordsss) values (89, '3 3rd Lane', 'nmacswayde2g', 'io5zTFkBqv2v');
insert into ONLINEshopping (order_num, address, loginss, passwordsss) values (90, '9842 Darwin Park', 'nlevitt2h', 'gTwwzahGZW');
insert into ONLINEshopping (order_num, address, loginss, passwordsss) values (91, '61538 School Road', 'mtomek2i', 'vpEqEzB1L');
insert into ONLINEshopping (order_num, address, loginss, passwordsss) values (92, '45 Merrick Point', 'cwasielewski2j', '0a2v6QY0Q3');
insert into ONLINEshopping (order_num, address, loginss, passwordsss) values (93, '36876 Judy Park', 'aalejandre2k', 'lNB4BZwW50');
insert into ONLINEshopping (order_num, address, loginss, passwordsss) values (94, '895 Pond Point', 'mmartynov2l', 'uTbFNzrmZsC2');
insert into ONLINEshopping (order_num, address, loginss, passwordsss) values (95, '5737 Twin Pines Point', 'wdewerk2m', '836gc0LCr');
insert into ONLINEshopping (order_num, address, loginss, passwordsss) values (96, '64 Becker Road', 'smatignon2n', 'apzzWWS');
insert into ONLINEshopping (order_num, address, loginss, passwordsss) values (97, '3 Meadow Vale Pass', 'ericcardi2o', 'sp3azWj');
insert into ONLINEshopping (order_num, address, loginss, passwordsss) values (98, '671 South Place', 'glillo2p', '4xdPoN');
insert into ONLINEshopping (order_num, address, loginss, passwordsss) values (99, '34 Esch Lane', 'mhebbes2q', 'MquoGYrmAPx9');
insert into ONLINEshopping (order_num, address, loginss, passwordsss) values (100, '77312 Colorado Park', 'wchurchin2r', 'Cvfo1V3z8C');


--------------------phone nums---------------------nice

insert into phone_number (ph_id, id, phone_number) values (1, 1, null);
insert into phone_number (ph_id, id, phone_number) values (2, 2, null);
insert into phone_number (ph_id, id, phone_number) values (3, 3, null);
insert into phone_number (ph_id, id, phone_number) values (4, 4, null);
insert into phone_number (ph_id, id, phone_number) values (5, 5, null);
insert into phone_number (ph_id, id, phone_number) values (6, 6, null);
insert into phone_number (ph_id, id, phone_number) values (7, 7, null);
insert into phone_number (ph_id, id, phone_number) values (8, 8, null);
insert into phone_number (ph_id, id, phone_number) values (9, 9, null);
insert into phone_number (ph_id, id, phone_number) values (10, 10, null);
insert into phone_number (ph_id, id, phone_number) values (11, 11, null);
insert into phone_number (ph_id, id, phone_number) values (12, 12, null);
insert into phone_number (ph_id, id, phone_number) values (13, 13, null);
insert into phone_number (ph_id, id, phone_number) values (14, 14, null);
insert into phone_number (ph_id, id, phone_number) values (15, 15, null);
insert into phone_number (ph_id, id, phone_number) values (16, 16, null);
insert into phone_number (ph_id, id, phone_number) values (17, 17, null);
insert into phone_number (ph_id, id, phone_number) values (18, 18, null);
insert into phone_number (ph_id, id, phone_number) values (19, 19, null);
insert into phone_number (ph_id, id, phone_number) values (20, 20, null);
insert into phone_number (ph_id, id, phone_number) values (21, 21, null);
insert into phone_number (ph_id, id, phone_number) values (22, 22, null);
insert into phone_number (ph_id, id, phone_number) values (23, 23, null);
insert into phone_number (ph_id, id, phone_number) values (24, 24, null);
insert into phone_number (ph_id, id, phone_number) values (25, 25, null);
insert into phone_number (ph_id, id, phone_number) values (26, 26, null);
insert into phone_number (ph_id, id, phone_number) values (27, 27, null);
insert into phone_number (ph_id, id, phone_number) values (28, 28, null);
insert into phone_number (ph_id, id, phone_number) values (29, 29, null);
insert into phone_number (ph_id, id, phone_number) values (30, 30, null);
insert into phone_number (ph_id, id, phone_number) values (31, 31, null);
insert into phone_number (ph_id, id, phone_number) values (32, 32, null);
insert into phone_number (ph_id, id, phone_number) values (33, 33, null);
insert into phone_number (ph_id, id, phone_number) values (34, 34, null);
insert into phone_number (ph_id, id, phone_number) values (35, 35, null);
insert into phone_number (ph_id, id, phone_number) values (36, 36, null);
insert into phone_number (ph_id, id, phone_number) values (37, 37, null);
insert into phone_number (ph_id, id, phone_number) values (38, 38, null);
insert into phone_number (ph_id, id, phone_number) values (39, 39, null);
insert into phone_number (ph_id, id, phone_number) values (40, 40, null);
insert into phone_number (ph_id, id, phone_number) values (41, 41, null);
insert into phone_number (ph_id, id, phone_number) values (42, 42, null);
insert into phone_number (ph_id, id, phone_number) values (43, 43, null);
insert into phone_number (ph_id, id, phone_number) values (44, 44, null);
insert into phone_number (ph_id, id, phone_number) values (45, 45, null);
insert into phone_number (ph_id, id, phone_number) values (46, 46, null);
insert into phone_number (ph_id, id, phone_number) values (47, 47, null);
insert into phone_number (ph_id, id, phone_number) values (48, 48, null);
insert into phone_number (ph_id, id, phone_number) values (49, 49, null);
insert into phone_number (ph_id, id, phone_number) values (50, 50, null);
insert into phone_number (ph_id, id, phone_number) values (51, 51, null);
insert into phone_number (ph_id, id, phone_number) values (52, 52, null);
insert into phone_number (ph_id, id, phone_number) values (53, 53, null);
insert into phone_number (ph_id, id, phone_number) values (54, 54, null);
insert into phone_number (ph_id, id, phone_number) values (55, 55, null);
insert into phone_number (ph_id, id, phone_number) values (56, 56, null);
insert into phone_number (ph_id, id, phone_number) values (57, 57, null);
insert into phone_number (ph_id, id, phone_number) values (58, 58, null);
insert into phone_number (ph_id, id, phone_number) values (59, 59, null);
insert into phone_number (ph_id, id, phone_number) values (60, 60, null);
insert into phone_number (ph_id, id, phone_number) values (61, 61, null);
insert into phone_number (ph_id, id, phone_number) values (62, 62, null);
insert into phone_number (ph_id, id, phone_number) values (63, 63, null);
insert into phone_number (ph_id, id, phone_number) values (64, 64, null);
insert into phone_number (ph_id, id, phone_number) values (65, 65, null);
insert into phone_number (ph_id, id, phone_number) values (66, 66, null);
insert into phone_number (ph_id, id, phone_number) values (67, 67, null);
insert into phone_number (ph_id, id, phone_number) values (68, 68, null);
insert into phone_number (ph_id, id, phone_number) values (69, 69, null);
insert into phone_number (ph_id, id, phone_number) values (70, 70, null);
insert into phone_number (ph_id, id, phone_number) values (71, 71, null);
insert into phone_number (ph_id, id, phone_number) values (72, 72, null);
insert into phone_number (ph_id, id, phone_number) values (73, 73, null);
insert into phone_number (ph_id, id, phone_number) values (74, 74, null);
insert into phone_number (ph_id, id, phone_number) values (75, 75, null);
insert into phone_number (ph_id, id, phone_number) values (76, 76, null);
insert into phone_number (ph_id, id, phone_number) values (77, 77, null);
insert into phone_number (ph_id, id, phone_number) values (78, 78, null);
insert into phone_number (ph_id, id, phone_number) values (79, 79, null);
insert into phone_number (ph_id, id, phone_number) values (80, 80, null);
insert into phone_number (ph_id, id, phone_number) values (81, 81, null);
insert into phone_number (ph_id, id, phone_number) values (82, 82, null);
insert into phone_number (ph_id, id, phone_number) values (83, 83, null);
insert into phone_number (ph_id, id, phone_number) values (84, 84, null);
insert into phone_number (ph_id, id, phone_number) values (85, 85, null);
insert into phone_number (ph_id, id, phone_number) values (86, 86, null);
insert into phone_number (ph_id, id, phone_number) values (87, 87, null);
insert into phone_number (ph_id, id, phone_number) values (88, 88, null);
insert into phone_number (ph_id, id, phone_number) values (89, 89, null);
insert into phone_number (ph_id, id, phone_number) values (90, 90, null);
insert into phone_number (ph_id, id, phone_number) values (91, 91, null);
insert into phone_number (ph_id, id, phone_number) values (92, 92, null);
insert into phone_number (ph_id, id, phone_number) values (93, 93, null);
insert into phone_number (ph_id, id, phone_number) values (94, 94, null);
insert into phone_number (ph_id, id, phone_number) values (95, 95, null);
insert into phone_number (ph_id, id, phone_number) values (96, 96, null);
insert into phone_number (ph_id, id, phone_number) values (97, 97, null);
insert into phone_number (ph_id, id, phone_number) values (98, 98, null);
insert into phone_number (ph_id, id, phone_number) values (99, 99, null);
insert into phone_number (ph_id, id, phone_number) values (100, 100, null);

-------------------------store-----------------nice

insert into store (storeID, Address, working_t) values (1, '74778 Bunting Parkway', (null, null));
insert into store (storeID, Address, working_t) values (2, '3 Red Cloud Point', (null, null));
insert into store (storeID, Address, working_t) values (3, '894 Manley Pass', (null, null));
insert into store (storeID, Address, working_t) values (4, '69 Alpine Road', (null, null));
insert into store (storeID, Address, working_t) values (5, '45 Little Fleur Junction', (null, null));

----------------------producttype-------nice

insert into PRODUCTtype (type_id, type) values (1, (null, null));
insert into PRODUCTtype (type_id, type) values (2, (null, null));
insert into PRODUCTtype (type_id, type) values (3, (null, null));
insert into PRODUCTtype (type_id, type) values (4, (null, null));
insert into PRODUCTtype (type_id, type) values (5, (null, null));
insert into PRODUCTtype (type_id, type) values (6, (null, null));
insert into PRODUCTtype (type_id, type) values (7, (null, null));
insert into PRODUCTtype (type_id, type) values (8, (null, null));
insert into PRODUCTtype (type_id, type) values (9, (null, null));
insert into PRODUCTtype (type_id, type) values (10, (null, null));
insert into PRODUCTtype (type_id, type) values (11, (null, null));
insert into PRODUCTtype (type_id, type) values (12, (null, null));
insert into PRODUCTtype (type_id, type) values (81, (null, null));
insert into PRODUCTtype (type_id, type) values (82, (null, null));
insert into PRODUCTtype (type_id, type) values (83, (null, null));
insert into PRODUCTtype (type_id, type) values (84, (null, null));
insert into PRODUCTtype (type_id, type) values (85, (null, null));
insert into PRODUCTtype (type_id, type) values (86, (null, null));
insert into PRODUCTtype (type_id, type) values (87, (null, null));
insert into PRODUCTtype (type_id, type) values (88, (null, null));
insert into PRODUCTtype (type_id, type) values (89, (null, null));
insert into PRODUCTtype (type_id, type) values (90, (null, null));
insert into PRODUCTtype (type_id, type) values (91, (null, null));
insert into PRODUCTtype (type_id, type) values (92, (null, null));
insert into PRODUCTtype (type_id, type) values (93, (null, null));
insert into PRODUCTtype (type_id, type) values (94, (null, null));
insert into PRODUCTtype (type_id, type) values (95, (null, null));
insert into PRODUCTtype (type_id, type) values (96, (null, null));
insert into PRODUCTtype (type_id, type) values (98, (null, null));
insert into PRODUCTtype (type_id, type) values (97, (null, null));
insert into PRODUCTtype (type_id, type) values (99, (null, null));
insert into PRODUCTtype (type_id, type) values (100, (null, null));

---------------------------productT------

insert into PRODUCT (product_ID, p_name) values (1, 'Rice - Basmati');
insert into PRODUCT (product_ID, p_name) values (2, 'Tortillas - Flour, 10');
insert into PRODUCT (product_ID, p_name) values (3, 'Potatoes - Fingerling 4 Oz');
insert into PRODUCT (product_ID, p_name) values (4, 'Cheese - Cheddarsliced');
insert into PRODUCT (product_ID, p_name) values (5, 'Food Colouring - Pink');
insert into PRODUCT (product_ID, p_name) values (6, 'Wine - Rubyport');
insert into PRODUCT (product_ID, p_name) values (7, 'Gooseberry');
insert into PRODUCT (product_ID, p_name) values (8, 'Chocolate Bar - Reese Pieces');
insert into PRODUCT (product_ID, p_name) values (9, 'Wine - Jaboulet Cotes Du Rhone');
insert into PRODUCT (product_ID, p_name) values (10, 'Wine - Delicato Merlot');
insert into PRODUCT (product_ID, p_name) values (11, 'Kiwi Gold Zespri');
insert into PRODUCT (product_ID, p_name) values (12, 'Kellogs Cereal In A Cup');
insert into PRODUCT (product_ID, p_name) values (81, 'Vinegar - White');
insert into PRODUCT (product_ID, p_name) values (82, 'Veal - Nuckle');
insert into PRODUCT (product_ID, p_name) values (83, 'Cranberries - Frozen');
insert into PRODUCT (product_ID, p_name) values (84, 'Bread - Wheat Baguette');
insert into PRODUCT (product_ID, p_name) values (85, 'Cheese - Provolone');
insert into PRODUCT (product_ID, p_name) values (86, 'Grapefruit - White');
insert into PRODUCT (product_ID, p_name) values (87, 'Pie Shells 10');
insert into PRODUCT (product_ID, p_name) values (88, 'Pear - Packum');
insert into PRODUCT (product_ID, p_name) values (89, 'Calypso - Strawberry Lemonade');
insert into PRODUCT (product_ID, p_name) values (90, 'Pepper - Green, Chili');
insert into PRODUCT (product_ID, p_name) values (91, 'Coffee - Frthy Coffee Crisp');
insert into PRODUCT (product_ID, p_name) values (92, 'Venison - Liver');
insert into PRODUCT (product_ID, p_name) values (93, 'Salmon - Fillets');
insert into PRODUCT (product_ID, p_name) values (94, 'Pastry - Cheese Baked Scones');
insert into PRODUCT (product_ID, p_name) values (95, 'Juice - Orange, Concentrate');
insert into PRODUCT (product_ID, p_name) values (96, 'Vodka - Hot, Lnferno');
insert into PRODUCT (product_ID, p_name) values (97, 'Horseradish - Prepared');
insert into PRODUCT (product_ID, p_name) values (98, 'Mushroom - Oyster, Fresh');
insert into PRODUCT (product_ID, p_name) values (99, 'Cactus Pads');
insert into PRODUCT (product_ID, p_name) values (100, 'Milk - 2% 250 Ml');

--------------brand_________-nice

insert into BRAND (bID, b_name) values (1, 'Zooveo');
insert into BRAND (bID, b_name) values (2, 'Centizu');
insert into BRAND (bID, b_name) values (3, 'Tazzy');
insert into BRAND (bID, b_name) values (4, 'Jabbercube');
insert into BRAND (bID, b_name) values (5, 'Vinder');
insert into BRAND (bID, b_name) values (6, 'Talane');
insert into BRAND (bID, b_name) values (7, 'Skipfire');
insert into BRAND (bID, b_name) values (8, 'Rooxo');
insert into BRAND (bID, b_name) values (9, 'Twitterwire');

--------------subb----

insert into subb (sbID, bId, sb_name) values (1, 1, 'Labadie-Dickinson');
insert into subb (sbID, bId, sb_name) values (2, 2, 'Morissette-Dooley');
insert into subb (sbID, bId, sb_name) values (3, 3, 'Kling-Ruecker');
insert into subb (sbID, bId, sb_name) values (4, 4, 'Wisozk, O''Hara and Herzog');
insert into subb (sbID, bId, sb_name) values (5, 5, 'Zemlak, Dare and Strosin');
insert into subb (sbID, bId, sb_name) values (6, 6, 'Kilback Group');
insert into subb (sbID, bId, sb_name) values (7, 7, 'Maggio-Labadie');
insert into subb (sbID, bId, sb_name) values (8, 8, 'Buckridge, Beahan and Brakus');
insert into subb (sbID, bId, sb_name) values (9, 9, 'Heaney LLC');


---------------sbp-------
insert into sbp (sbpID, sId, sbproduct_n) values (1, 1, 'Wuckert LLC');
insert into sbp (sbpID, sId, sbproduct_n) values (2, 2, 'Gulgowski-Beier');
insert into sbp (sbpID, sId, sbproduct_n) values (3, 3, 'Zemlak, Aufderhar and Aufderhar');
insert into sbp (sbpID, sId, sbproduct_n) values (4, 4, 'Harvey-Green');
insert into sbp (sbpID, sId, sbproduct_n) values (5, 5, 'Haag Inc');
insert into sbp (sbpID, sId, sbproduct_n) values (6, 6, 'Wiegand and Sons');
insert into sbp (sbpID, sId, sbproduct_n) values (7, 7, 'Grant-Padberg');
insert into sbp (sbpID, sId, sbproduct_n) values (8, 8, 'Berge-Ziemann');
insert into sbp (sbpID, sId, sbproduct_n) values (9, 9, 'Champlin-Bosco');


-------------vendor

insert into VENDOR (vendorID, productt, amount, p_price) values (1, 'Amneal Pharmaceuticals, LLC', 91, 31);
insert into VENDOR (vendorID, productt, amount, p_price) values (2, 'Physicians Total Care, Inc.', 97, 98);
insert into VENDOR (vendorID, productt, amount, p_price) values (3, 'Metrex Research', 2, 4);
insert into VENDOR (vendorID, productt, amount, p_price) values (4, 'PRASCO Laboratories', 28, 43);
insert into VENDOR (vendorID, productt, amount, p_price) values (5, 'Chain Drug Consortium, LLC (Premier Value)', 2, 71);


----customers

insert into customers (order_n) values (1);
insert into customers (order_n) values (2);
insert into customers (order_n) values (3);
insert into customers (order_n) values (4);
insert into customers (order_n) values (5);

insert into customers (order_n) values (6);
insert into customers (order_n) values (7);
insert into customers (order_n) values (8);
insert into customers (order_n) values (9);
insert into customers (order_n) values (10);
insert into customers (order_n) values (11);
insert into customers (order_n) values (12);
insert into customers (order_n) values (13);
insert into customers (order_n) values (14);
insert into customers (order_n) values (15);
insert into customers (order_n) values (16);
insert into customers (order_n) values (17);
insert into customers (order_n) values (18);
insert into customers (order_n) values (19);
insert into customers (order_n) values (20);
insert into customers (order_n) values (21);
insert into customers (order_n) values (22);
insert into customers (order_n) values (23);
insert into customers (order_n) values (24);
insert into customers (order_n) values (25);
insert into customers (order_n) values (26);
insert into customers (order_n) values (27);
insert into customers (order_n) values (28);
insert into customers (order_n) values (29);
insert into customers (order_n) values (30);
insert into customers (order_n) values (31);
insert into customers (order_n) values (32);
insert into customers (order_n) values (33);
insert into customers (order_n) values (34);
insert into customers (order_n) values (35);
insert into customers (order_n) values (36);
insert into customers (order_n) values (37);
insert into customers (order_n) values (38);
insert into customers (order_n) values (39);
insert into customers (order_n) values (40);
insert into customers (order_n) values (41);
insert into customers (order_n) values (42);
insert into customers (order_n) values (43);
insert into customers (order_n) values (44);
insert into customers (order_n) values (45);
insert into customers (order_n) values (46);
insert into customers (order_n) values (47);
insert into customers (order_n) values (48);
insert into customers (order_n) values (49);
insert into customers (order_n) values (50);



------------------
-------------------
-----insert into prod_in_store (p_id, store_id, amount, price, p_size, p_packaging, p_definition) values (1, 1, 81, 30, 47, null, null);
-- CREATE TABLE purchases(
--     pID int,
--     date timestamp,
--     storeID int,
--     amount int,
--     price int,
--     total_sum int,
--     foreign key (pID) references product(product_ID),
--     foreign key (storeID) references store(storeID)
-- );
do
$$
    begin
        INSERT INTO purchases VALUES (1, current_timestamp, 1, 5, 5, 0);
        update purchases set total_sum = purchases.price * purchases.amount where purchases.pID = 1;

    end;
$$;

-- CREATE INDEX product_name ON product(p_name);
-- CREATE INDEX upc ON product(product_ID);
-- CREATE INDEX brand_n ON brand(bID);
-- select purchases.pID, purchases.storeID, sum(purchases.amount), Product.p_name
-- from purchases, product where storeID=1 and purchases.pID=product.product_ID
-- group by purchases.pID, product.p_name, purchases.storeID
-- order by sum(purchases.amount) desc
-- limit 20;
